symbol,line,date,sampleID,scene,shape,size,stack,gfp,brDisc,brDisc_gfp,brDisc_gfpNEG,KDtoWT
Tip60,v110617,220224,Tip60_v110617_220224,a1,1.3.10.1024.1024,1024x1024,10,42.260727882385254,37.926039695739746,16.74530792236328,16.13539695739746,1.0377995636906967
Tip60,v110617,220224,Tip60_v110617_220224,a2,1.3.10.1024.1024,1024x1024,10,41.88285255432129,24.08512592315674,10.929624557495117,10.303129196166992,1.060806319070637
Tip60,v110617,220224,Tip60_v110617_220224,b1,1.3.10.1024.1024,1024x1024,10,40.38505840301514,36.97231388092041,17.979448318481445,14.174760818481445,1.2684128182987993
Tip60,v110617,220224,Tip60_v110617_220224,b2,1.3.10.1024.1024,1024x1024,10,41.494422912597656,22.238289833068848,10.691165924072266,8.340855598449707,1.28178288160982
Tip60,v110617,220224,Tip60_v110617_220224,c1,1.3.10.1024.1024,1024x1024,10,46.4575777053833,25.487350463867188,12.19152545928955,10.46557331085205,1.164917114158267
Tip60,v110617,220224,Tip60_v110617_220224,d1,1.3.10.1024.1024,1024x1024,10,37.862975120544434,19.75161075592041,8.89276123046875,7.856682777404785,1.1318722522492122
Tip60,v110617,220224,Tip60_v110617_220224,e1,1.3.10.1024.1024,1024x1024,10,39.95485019683838,19.632046699523926,8.936251640319824,7.397574424743652,1.2079975309784723
polybromo,v108618,220310,polybromo_v108618_220310,a1,1.3.17.1024.1024,1024x1024,17,39.60799789428711,42.299445152282715,17.65402317047119,18.59192943572998,0.9495530429748555
polybromo,v108618,220310,polybromo_v108618_220310,a2,1.3.10.1024.1024,1024x1024,10,37.26819324493408,36.21983051300049,15.212386131286621,16.295130729675293,0.9335541017528095
polybromo,v108618,220310,polybromo_v108618_220310,b1,1.3.10.1024.1024,1024x1024,10,38.467512130737305,39.56357002258301,17.00942897796631,18.109971046447754,0.9392300481508878
polybromo,v108618,220310,polybromo_v108618_220310,c1,1.3.10.1024.1024,1024x1024,10,35.35188674926758,47.86873531341553,20.162379264831543,21.65964698791504,0.9308729397150889
polybromo,v108618,220310,polybromo_v108618_220310,a1,1.3.10.1024.1024,1024x1024,10,26.991257667541504,38.74214744567871,14.912917137145996,17.093945503234863,0.8724093062262233
polybromo,v108618,220310,polybromo_v108618_220310,b1,1.3.10.1024.1024,1024x1024,10,24.912654876708984,45.95379161834717,18.400320053100586,19.721282958984375,0.9330184091658195
polybromo,v108618,220310,polybromo_v108618_220310,c1,1.3.10.1024.1024,1024x1024,10,23.47215747833252,42.05914878845215,16.786452293395996,17.261752128601074,0.9724651453882511
polybromo,v108618,220310,polybromo_v108618_220310,d1,1.3.10.1024.1024,1024x1024,10,29.560653686523438,37.996686935424805,15.07394790649414,15.051350593566895,1.0015013478549164
polybromo,v108618,220310,polybromo_v108618_220310,e1,1.3.10.1024.1024,1024x1024,10,23.35165500640869,36.59808826446533,14.602665901184082,13.011320114135742,1.1223047141326936
polybromo,v108618,220310,polybromo_v108618_220310,e2,1.3.10.1024.1024,1024x1024,10,24.23164939880371,27.638880729675293,10.783058166503906,9.651782035827637,1.1172090424832375
Snr1,32372,210323,Snr1_32372_210323,Series001,1.3.10.1024.1024,1024x1024,10,58.447110176086426,31.223241806030273,15.792360305786133,11.22215747833252,1.4072481460251876
Snr1,32372,210323,Snr1_32372_210323,Series002,1.3.10.1024.1024,1024x1024,10,49.510870933532715,33.65665531158447,15.857436180114746,14.27448558807373,1.1108937048746306
Snr1,32372,210323,Snr1_32372_210323,Series003,1.3.20.1024.1024,1024x1024,20,56.256656646728516,37.54943561553955,18.248567581176758,13.036304473876953,1.3998267390689207
Snr1,32372,210323,Snr1_32372_210323,Series004,1.3.20.1024.1024,1024x1024,20,55.998108863830566,22.00212860107422,10.587483406066895,7.6511383056640625,1.3837788552625019
Act5C,42651,210323,Act5C_42651_210323,Series001,1.3.10.1024.1024,1024x1024,10,19.82712173461914,21.4113187789917,8.12254810333252,9.641775131225586,0.8424328500492674
Act5C,42651,210323,Act5C_42651_210323,Series002,1.3.10.1024.1024,1024x1024,10,22.204554557800293,25.504895210266113,10.82660961151123,10.785308837890625,1.0038293547492594
Act5C,42651,210323,Act5C_42651_210323,Series003,1.3.1.1024.1024,1024x1024,1,0.0,0.0,0.0,0.0,
Act5C,42651,210323,Act5C_42651_210323,Series004,1.3.10.1024.1024,1024x1024,10,12.225197792053223,29.46916961669922,11.631950378417969,14.367169380187988,0.8096201882646538
Act5C,42651,210323,Act5C_42651_210323,Series005,1.3.10.1024.1024,1024x1024,10,23.17158031463623,23.242697715759277,9.623448371887207,10.184646606445312,0.9448976232319192
osa,31266,210323,osa_31266_210323,Series001,1.3.10.1024.1024,1024x1024,10,62.002662658691406,33.11706733703613,15.061357498168945,14.631017684936523,1.0294128421207147
osa,31266,210323,osa_31266_210323,Series002,1.3.10.1024.1024,1024x1024,10,58.681678771972656,27.49749183654785,12.300471305847168,11.247458457946777,1.0936222927017254
osa,31266,210323,osa_31266_210323,Series003,1.3.10.1024.1024,1024x1024,10,64.3793134689331,29.790881156921387,13.475071907043457,12.434531211853027,1.083681537925495
osa,31266,210323,osa_31266_210323,Series004,1.3.10.1024.1024,1024x1024,10,24.377863883972168,26.056806564331055,9.479904174804688,13.190966606140137,0.7186663766089725
Nurf-38,31341,210505,Nurf-38_31341_210505,Series001,1.3.10.1024.1024,1024x1024,10,54.19303798675537,65.14331245422363,28.5609769821167,33.503281593322754,0.8524829695431667
Nurf-38,31341,210505,Nurf-38_31341_210505,Series002,1.3.10.1024.1024,1024x1024,10,35.367398262023926,43.107248306274414,17.76965618133545,20.46032428741455,0.868493379269938
Nurf-38,31341,210505,Nurf-38_31341_210505,Series003,1.3.10.1024.1024,1024x1024,10,35.4584264755249,40.905988693237305,15.82669734954834,20.890021324157715,0.7576199709880608
Nurf-38,31341,210505,Nurf-38_31341_210505,Series004,1.3.10.1024.1024,1024x1024,10,44.40701770782471,38.731730461120605,15.769034385681152,19.270819664001465,0.8182856080137699
Nup153,32837,210505,Nup153_32837_210505,Series001,1.3.10.1024.1024,1024x1024,10,44.100582122802734,34.58834648132324,15.496487617492676,15.996467590332031,0.9687443512127931
Nup153,32837,210505,Nup153_32837_210505,Series002,1.3.10.1024.1024,1024x1024,10,40.606727600097656,38.59688377380371,17.32817840576172,17.318211555480957,1.0005755126762848
Nup153,32837,210505,Nup153_32837_210505,Series003,1.3.10.1024.1024,1024x1024,10,42.32370948791504,45.605706214904785,21.706963539123535,19.286789894104004,1.1254834867962855
Nup153,32837,210505,Nup153_32837_210505,Series004,1.3.10.1024.1024,1024x1024,10,44.515257835388184,46.78448009490967,23.97567653656006,18.441091537475586,1.3001224188837852
mor,34919,210422,mor_34919_210422,Series001,1.3.10.1024.1024,1024x1024,10,28.32981586456299,30.228530883789062,15.025293350219727,12.276498794555664,1.2239070439923057
mor,34919,210422,mor_34919_210422,Series002,1.3.10.1024.1024,1024x1024,10,29.782711029052734,24.67777442932129,12.203256607055664,10.066335678100586,1.2122838932943565
mor,34919,210422,mor_34919_210422,Series003,1.3.10.1024.1024,1024x1024,10,30.94157886505127,25.04941463470459,12.588155746459961,10.135390281677246,1.242000100303668
mor,34919,210422,mor_34919_210422,Series004,1.3.10.1024.1024,1024x1024,10,30.174983024597168,22.418102264404297,10.227447509765625,9.10449504852295,1.1233404439518977
mor,34919,210422,mor_34919_210422,Series005,1.3.10.1024.1024,1024x1024,10,30.6810359954834,20.68039608001709,10.199456214904785,8.695323944091797,1.1729817405865597
mor,34919,210422,mor_34919_210422,Series006,1.3.10.1024.1024,1024x1024,10,28.333251953125,21.117566108703613,8.801217079162598,9.06387996673584,0.9710209216652023
mor,34919,210422,mor_34919_210422,Series007,1.3.10.1024.1024,1024x1024,10,24.14232063293457,23.703245162963867,10.741392135620117,9.2423734664917,1.162189796220973
mor,34919,210422,mor_34919_210422,Series008,1.3.10.1024.1024,1024x1024,10,28.050867080688477,24.967886924743652,12.428865432739258,10.122151374816895,1.2278877258900993
mor,34919,210422,mor_34919_210422,Series009,1.3.10.1024.1024,1024x1024,10,28.9279727935791,24.352802276611328,11.323819160461426,9.892457962036133,1.14469216891478
mor,34919,210422,mor_34919_210422,Series010,1.3.10.1024.1024,1024x1024,10,28.35533905029297,24.8689022064209,13.5283784866333,8.888544082641602,1.5220016192587502
mor,34919,210422,mor_34919_210422,Series011,1.3.10.1024.1024,1024x1024,10,29.54455280303955,25.432172775268555,12.746655464172363,10.210382461547852,1.248401371072639
mor,34919,210422,mor_34919_210422,Series012,1.3.10.1024.1024,1024x1024,10,22.240513801574707,25.08319854736328,10.956099510192871,10.772787094116211,1.0170162479287073
Ino80,33708,210128,Ino80_33708_210128,Series002,1.3.1.1024.1024,1024x1024,1,25.20412254333496,22.90675926208496,9.370251655578613,11.524794578552246,0.8130515118262275
Ino80,33708,210128,Ino80_33708_210128,Series003,1.3.1.1024.1024,1024x1024,1,28.820192337036133,21.333149909973145,8.932787895202637,10.26261043548584,0.8704206353107811
Ino80,33708,210128,Ino80_33708_210128,Series004,1.3.1.1024.1024,1024x1024,1,39.40544414520264,22.232605934143066,9.715944290161133,9.979792594909668,0.9735617446716163
Chrac-16,63658,210128,Chrac-16_63658_210128,Series001,1.3.1.1024.1024,1024x1024,1,32.12214374542236,26.74952983856201,9.113539695739746,9.197144508361816,0.9909096989238281
Chrac-16,63658,210128,Chrac-16_63658_210128,Series002,1.3.1.1024.1024,1024x1024,1,25.630796432495117,24.04768180847168,8.463193893432617,12.756885528564453,0.6634216380230379
Chrac-16,63658,210128,Chrac-16_63658_210128,Series003,1.3.1.1024.1024,1024x1024,1,14.455353736877441,13.872037887573242,4.083565711975098,3.4506654739379883,1.1834139654560103
pont,50972,210128,pont_50972_210128,Series001,1.3.20.1024.1024,1024x1024,20,52.844369888305664,45.962042808532715,14.756179809570312,24.848591804504395,0.5938437045311923
pont,50972,210128,pont_50972_210128,Series002,1.3.20.1024.1024,1024x1024,20,47.39988994598389,33.22294044494629,14.190252304077148,12.567035675048828,1.1291646392196633
pont,50972,210128,pont_50972_210128,Series003,1.3.20.1024.1024,1024x1024,20,47.69161319732666,46.91942119598389,15.77344036102295,23.76896572113037,0.6636149231769273
polybromo,32840,210128,polybromo_32840_210128,Series001,1.3.1.1024.1024,1024x1024,1,26.12349796295166,25.18544101715088,7.673755645751953,7.159411430358887,1.0718416898366858
polybromo,32840,210128,polybromo_32840_210128,Series002,1.3.1.1024.1024,1024x1024,1,14.04944133758545,14.396401405334473,3.659513473510742,4.693361282348633,0.779721238864327
polybromo,32840,210128,polybromo_32840_210128,Series003,1.3.1.1024.1024,1024x1024,1,14.186209678649902,20.36637020111084,6.843258857727051,7.289555549621582,0.9387758706471893
polybromo,32840,210128,polybromo_32840_210128,Series005,1.3.1.1024.1024,1024x1024,1,18.15091609954834,24.64088535308838,1.5676794052124023,7.828825950622559,0.20024450857637707
dom,55917,210331,dom_55917_210331,Series001,1.3.10.1024.1024,1024x1024,10,20.616044998168945,24.683135986328125,11.885220527648926,10.746804237365723,1.1059306808925602
dom,55917,210331,dom_55917_210331,Series002,1.3.10.1024.1024,1024x1024,10,15.9571533203125,15.192523956298828,6.67202091217041,6.244776725769043,1.0684162469153373
dom,55917,210331,dom_55917_210331,Series003,1.3.10.1024.1024,1024x1024,10,18.990424156188965,22.566818237304688,10.526894569396973,10.104811668395996,1.0417704866604383
dom,55917,210331,dom_55917_210331,Series004,1.3.10.1024.1024,1024x1024,10,21.132686614990234,25.267374992370605,13.140512466430664,9.996139526367188,1.3145587285741107
dom,55917,210331,dom_55917_210331,Series005,1.3.10.1024.1024,1024x1024,10,24.692326545715332,28.84262752532959,16.029674530029297,10.880040168762207,1.4733102342813271
dom,55917,210331,dom_55917_210331,Series006,1.3.10.1024.1024,1024x1024,10,11.037264823913574,25.454764366149902,11.219339370727539,11.314502716064453,0.9915892595790533
su(var)3-3,32853,210331,su(var)3-3_32853_210331,Series001,1.3.10.1024.1024,1024x1024,10,13.761306762695312,27.470890998840332,11.818737983703613,11.700708389282227,1.0100873887712218
su(var)3-3,32853,210331,su(var)3-3_32853_210331,Series002,1.3.10.1024.1024,1024x1024,10,14.159892082214355,12.108718872070312,5.467243194580078,5.2803802490234375,1.0353881608414848
su(var)3-3,32853,210331,su(var)3-3_32853_210331,Series003,1.3.20.1024.1024,1024x1024,20,14.95691967010498,21.37309741973877,9.577153205871582,9.111776351928711,1.0510742182389456
su(var)3-3,32853,210331,su(var)3-3_32853_210331,Series004,1.3.10.1024.1024,1024x1024,10,15.991588592529297,19.020652770996094,8.81875228881836,8.324284553527832,1.059400628619906
su(var)3-3,32853,210331,su(var)3-3_32853_210331,Series005,1.3.10.1024.1024,1024x1024,10,12.598302841186523,13.98616886138916,5.462793350219727,6.734192848205566,0.811202392529548
su(var)3-3,32853,210331,su(var)3-3_32853_210331,Series006,1.3.10.1024.1024,1024x1024,10,13.787330627441406,15.443723678588867,7.269665718078613,5.674553871154785,1.28109907547661
su(var)3-3,32853,210331,su(var)3-3_32853_210331,Series007,1.3.10.1024.1024,1024x1024,10,14.461895942687988,14.401206016540527,6.0882110595703125,6.473909378051758,0.9404226571676979
dom,40914,210331,dom_40914_210331,Series001,1.3.10.1024.1024,1024x1024,10,30.258556365966797,43.80395221710205,22.517399787902832,18.648011207580566,1.2074960454093533
dom,40914,210331,dom_40914_210331,Series002,1.3.10.1024.1024,1024x1024,10,28.8350248336792,30.42583465576172,15.480177879333496,12.82755184173584,1.2067912934849383
dom,40914,210331,dom_40914_210331,Series003,1.3.10.1024.1024,1024x1024,10,23.88901138305664,22.014233589172363,10.993884086608887,8.837632179260254,1.2439852512088956
dom,40914,210331,dom_40914_210331,Series004,1.3.20.1024.1024,1024x1024,20,25.492677688598633,24.639699935913086,11.491122245788574,10.069942474365234,1.1411308728963643
dom,40914,210331,dom_40914_210331,Series005,1.3.10.1024.1024,1024x1024,10,35.448723793029785,28.654560089111328,17.85171890258789,9.10312271118164,1.961054406161095
dom,38941,210331,dom_38941_210331,Series001,1.3.10.1024.1024,1024x1024,10,19.487236976623535,24.01640224456787,11.678601264953613,10.092061042785645,1.1572067603873755
dom,38941,210331,dom_38941_210331,Series002,1.3.20.1024.1024,1024x1024,20,20.892108917236328,28.443721771240234,13.649044036865234,12.06970500946045,1.13085150185252
dom,38941,210331,dom_38941_210331,Series003,1.3.20.1024.1024,1024x1024,20,32.25387096405029,39.03147888183594,14.22277545928955,5.535595893859863,2.5693305168944125
dom,34827,210331,dom_34827_210331,Series001,1.3.10.1024.1024,1024x1024,10,28.45591926574707,28.614449501037598,14.589422225952148,9.765886306762695,1.4939168619902163
dom,34827,210331,dom_34827_210331,Series002,1.3.10.1024.1024,1024x1024,10,41.572967529296875,26.7763614654541,18.1299409866333,6.885392189025879,2.633102151469205
dom,34827,210331,dom_34827_210331,Series003,1.3.10.1024.1024,1024x1024,10,40.50743579864502,19.04138946533203,12.7073974609375,4.9525146484375,2.5658475265583793
dom,34827,210331,dom_34827_210331,Series004,1.3.10.1024.1024,1024x1024,10,33.74830722808838,13.635581016540527,7.4202165603637695,4.3760881423950195,1.6956277659212569
dom,34827,210331,dom_34827_210331,Series005,1.3.10.1024.1024,1024x1024,10,40.32567310333252,19.685595512390137,12.587990760803223,5.650152206420898,2.2279029486140365
dom,34827,210331,dom_34827_210331,Series006,1.3.10.1024.1024,1024x1024,10,40.65713119506836,19.092470169067383,12.098837852478027,5.641290664672852,2.1446932221103094
dom,41674,210331,dom_41674_210331,Series001,1.3.10.1024.1024,1024x1024,10,33.66086196899414,19.123570442199707,12.266132354736328,4.981005668640137,2.462581488706698
dom,41674,210331,dom_41674_210331,Series002,1.3.10.1024.1024,1024x1024,10,18.938178062438965,17.855345726013184,10.047053337097168,5.761048316955566,1.743962692957685
dom,41674,210331,dom_41674_210331,Series003,1.3.10.1024.1024,1024x1024,10,30.958498001098633,17.339056968688965,10.394248962402344,4.577206611633301,2.2708717006535406
Hers,61858,210603,Hers_61858_210603,Series001,1.3.10.1024.1024,1024x1024,10,21.257230758666992,32.02723217010498,11.778566360473633,17.129368782043457,0.6876240747890829
Hers,61858,210603,Hers_61858_210603,Series002,1.3.10.1024.1024,1024x1024,10,26.372776985168457,30.86897087097168,13.18664836883545,13.172892570495605,1.0010442504002997
Hers,61858,210603,Hers_61858_210603,Series003,1.3.10.1024.1024,1024x1024,10,22.007966995239258,32.75350856781006,13.237366676330566,16.065954208374023,0.8239390268790185
Hers,61858,210603,Hers_61858_210603,Series004,1.3.10.1024.1024,1024x1024,10,18.47278594970703,29.300562858581543,12.009683609008789,13.594712257385254,0.883408444521111
Hers,61858,210603,Hers_61858_210603,Series005,1.3.10.1024.1024,1024x1024,10,20.866661071777344,22.6517972946167,9.518637657165527,9.563814163208008,0.9952763086702088
HmgD,77429,210603,HmgD_77429_210603,Series001,1.3.10.1024.1024,1024x1024,10,23.83638858795166,36.4886589050293,13.63662052154541,20.162944793701172,0.6763208777819716
HmgD,77429,210603,HmgD_77429_210603,Series002,1.3.10.1024.1024,1024x1024,10,24.13189125061035,28.503202438354492,10.896881103515625,15.765786170959473,0.6911727068573114
HmgD,77429,210603,HmgD_77429_210603,Series003,1.3.10.1024.1024,1024x1024,10,25.229805946350098,35.45655632019043,14.916876792907715,16.96404266357422,0.8793232302426208
HmgD,77429,210603,HmgD_77429_210603,Series004,1.3.10.1024.1024,1024x1024,10,23.050195693969727,41.37376594543457,16.473533630371094,20.98824405670166,0.7848933710636458
HmgD,77429,210603,HmgD_77429_210603,Series005,1.3.10.1024.1024,1024x1024,10,23.303576469421387,36.55362510681152,13.80673885345459,19.41271686553955,0.7112213580966401
HmgD,77429,210603,HmgD_77429_210603,Series006,1.3.10.1024.1024,1024x1024,10,22.813090324401855,36.42158126831055,13.522601127624512,19.812068939208984,0.6825436136486821
D12,60872,210603,D12_60872_210603,Series001,1.3.10.1024.1024,1024x1024,10,24.123708724975586,43.406593322753906,17.7288761138916,22.264920234680176,0.7962694645668138
D12,60872,210603,D12_60872_210603,Series002,1.3.10.1024.1024,1024x1024,10,18.812678337097168,38.65568828582764,15.647259712219238,19.339845657348633,0.8090684894516565
D12,60872,210603,D12_60872_210603,Series003,1.3.10.1024.1024,1024x1024,10,22.23014736175537,27.810426712036133,10.914294242858887,14.219953536987305,0.7675337485787054
D12,60872,210603,D12_60872_210603,Series004,1.3.10.1024.1024,1024x1024,10,22.80081081390381,41.811638832092285,16.941667556762695,21.287433624267578,0.7958529833041627
D12,60872,210603,D12_60872_210603,Series005,1.3.10.1024.1024,1024x1024,10,28.608983993530273,42.34867000579834,19.788312911987305,18.628324508666992,1.0622701415138338
wds,32952,210603,wds_32952_210603,Series001,1.3.10.1024.1024,1024x1024,10,38.415510177612305,32.3460054397583,16.19404125213623,12.670852661132812,1.2780545781114334
Tip60,28563,210603,Tip60_28563_210603,Series001,1.3.10.1024.1024,1024x1024,10,41.87834644317627,32.0703649520874,15.716021537780762,12.63133430480957,1.2442091356727571
Tip60,28563,210603,Tip60_28563_210603,Series002,1.3.10.1024.1024,1024x1024,10,38.024030685424805,33.202842712402344,14.263679504394531,14.468183517456055,0.98586525994678
Tip60,28563,210603,Tip60_28563_210603,Series003,1.3.10.1024.1024,1024x1024,10,43.10641956329346,30.40339183807373,14.869800567626953,11.815140724182129,1.2585377453179911
Tip60,28563,210603,Tip60_28563_210603,Series004,1.3.10.1024.1024,1024x1024,10,58.2547082901001,26.718036651611328,13.096749305725098,9.497511863708496,1.3789663538899972
Brd8,67308,211015,Brd8_67308_211015,a1,1.3.10.1024.1024,1024x1024,10,49.87277698516846,21.266693115234375,9.576513290405273,9.586943626403809,0.9989120269811738
Brd8,67308,211015,Brd8_67308_211015,b1,1.3.10.1024.1024,1024x1024,10,58.997694969177246,21.909282684326172,10.32678508758545,8.426970481872559,1.2254445544575745
Brd8,67308,211015,Brd8_67308_211015,c1,1.3.10.1024.1024,1024x1024,10,39.14357089996338,13.92547607421875,6.241717338562012,4.125764846801758,1.5128630860773644
Bap111,v104361,211112,Bap111_v104361_211112,Series001,1.3.10.1024.1024,1024x1024,10,44.84212684631348,41.44070911407471,17.897808074951172,18.138364791870117,0.986737684478219
Bap111,v104361,211112,Bap111_v104361_211112,Series002,1.3.1.1024.1024,1024x1024,1,0.0,0.0,0.0,0.0,
Bap111,v104361,211112,Bap111_v104361_211112,Series003,1.3.10.1024.1024,1024x1024,10,44.205307960510254,47.59676265716553,19.002774238586426,23.053184509277344,0.824301485590379
Bap111,v104361,211112,Bap111_v104361_211112,Series004,1.3.10.1024.1024,1024x1024,10,40.31113815307617,35.96485424041748,15.176712036132812,15.100293159484863,1.0050607545059447
Nipped-A,34849,211112,Nipped-A_34849_211112,Series002,1.3.10.1024.1024,1024x1024,10,51.09112548828125,29.183002471923828,13.142541885375977,12.338118553161621,1.0651982171145715
Nipped-A,34849,211112,Nipped-A_34849_211112,Series004,1.3.10.1024.1024,1024x1024,10,39.24177932739258,22.676088333129883,10.717947006225586,7.930281639099121,1.351521609696972
Nipped-A,34849,211112,Nipped-A_34849_211112,Series005,1.3.10.1024.1024,1024x1024,10,15.51701831817627,21.414498329162598,8.171744346618652,9.38387680053711,0.8708281790475896
Nipped-A,34849,211112,Nipped-A_34849_211112,Series007,1.3.10.1024.1024,1024x1024,10,18.702805519104004,21.66934108734131,9.594369888305664,7.888670921325684,1.2162213361402758
osa,31266,210503,osa_31266_210503,Series001,1.3.10.1024.1024,1024x1024,10,38.718807220458984,39.71550178527832,25.24569606781006,10.707159996032715,2.3578330833913244
osa,31266,210503,osa_31266_210503,Series002,1.3.10.1024.1024,1024x1024,10,0.8860101699829102,20.785907745361328,0.0,12.899273872375488,0.0
osa,31266,210503,osa_31266_210503,Series003,1.3.10.1024.1024,1024x1024,10,0.8997173309326172,26.62282657623291,0.0,16.87149429321289,0.0
osa,31266,210503,osa_31266_210503,Series004,1.3.10.1024.1024,1024x1024,10,22.672749519348145,1.2228031158447266,0.7501382827758789,0.3617391586303711,2.0736994181555506
osa,31266,210503,osa_31266_210503,Series005,1.3.10.1024.1024,1024x1024,10,23.365199089050293,29.375588417053223,18.22291374206543,6.455142021179199,2.82300740747088
osa,31266,210503,osa_31266_210503,Series006,1.3.10.1024.1024,1024x1024,10,22.126070022583008,26.226431846618652,16.032445907592773,6.597237586975098,2.430175614600507
osa,31266,210503,osa_31266_210503,Series007,1.3.10.1024.1024,1024x1024,10,1.3091678619384766,19.240758895874023,0.12485122680664062,13.125295639038086,0.009512260160853077
osa,31266,210503,osa_31266_210503,Series008,1.3.10.1024.1024,1024x1024,10,34.71016025543213,16.982406616210938,7.884374618530273,4.085872650146484,1.9296672445842402
osa,31266,210503,osa_31266_210503,Series009,1.3.10.1024.1024,1024x1024,10,38.46773052215576,35.94820690155029,22.71517562866211,9.129197120666504,2.4881898515741243
Arp5,33009,210512,Arp5_33009_210512,Series001,1.3.10.1024.1024,1024x1024,10,26.22612190246582,29.893818855285645,12.54180908203125,14.082392692565918,0.8906021409736755
Arp5,33009,210512,Arp5_33009_210512,Series002,1.3.10.1024.1024,1024x1024,10,25.656428337097168,27.39968776702881,10.714173316955566,12.870403289794922,0.8324660133572463
Arp5,33009,210512,Arp5_33009_210512,Series003,1.3.10.1024.1024,1024x1024,10,27.011268615722656,39.647226333618164,15.407511711120605,18.071974754333496,0.8525638133389946
Arp5,33009,210512,Arp5_33009_210512,Series004,1.3.10.1024.1024,1024x1024,10,29.323688507080078,37.6371488571167,15.732656478881836,15.985174179077148,0.984203006025056
Ino80,33708,210512,Ino80_33708_210512,Series001,1.3.10.1024.1024,1024x1024,10,24.43501091003418,32.94376564025879,12.742599487304688,14.840354919433594,0.8586451979405241
Ino80,33708,210512,Ino80_33708_210512,Series002,1.3.10.1024.1024,1024x1024,10,26.793542861938477,39.49486827850342,15.58648681640625,18.61882495880127,0.8371359014811722
Ino80,33708,210512,Ino80_33708_210512,Series003,1.3.10.1024.1024,1024x1024,10,21.559374809265137,30.054373741149902,11.790801048278809,12.884970664978027,0.9150817145689571
Ino80,33708,210512,Ino80_33708_210512,Series004,1.3.10.1024.1024,1024x1024,10,21.581480026245117,28.63972282409668,10.488373756408691,12.987730026245117,0.8075601922132797
Ino80,33708,210512,Ino80_33708_210512,Series005,1.3.10.1024.1024,1024x1024,10,41.86022472381592,45.85256385803223,22.016669273376465,19.39341449737549,1.1352652353383146
kis,34908,210512,kis_34908_210512,Series001,1.3.10.1024.1024,1024x1024,10,26.7149715423584,18.01877212524414,6.816640853881836,7.500657081604004,0.9088058259056029
kis,34908,210512,kis_34908_210512,Series002,1.3.10.1024.1024,1024x1024,10,30.142784118652344,16.71658229827881,6.4687042236328125,7.392274856567383,0.8750627309110321
kis,34908,210512,kis_34908_210512,Series003,1.3.10.1024.1024,1024x1024,10,24.976417541503906,18.390073776245117,6.837245941162109,7.506474494934082,0.9108464893574717
kis,34908,210512,kis_34908_210512,Series004,1.3.10.1024.1024,1024x1024,10,32.12406826019287,27.34743881225586,10.123933792114258,11.774558067321777,0.8598143330925907
kis,34908,210512,kis_34908_210512,Series005,1.3.10.1024.1024,1024x1024,10,31.601892471313477,25.042367935180664,9.05753231048584,10.997883796691895,0.8235704684577863
Chd1,34665,210512,Chd1_34665_210512,Series001,1.3.10.1024.1024,1024x1024,10,34.066293716430664,41.92975330352783,17.871241569519043,18.986785888671875,0.9412462790862143
Chd1,34665,210512,Chd1_34665_210512,Series002,1.3.10.1024.1024,1024x1024,10,29.104884147644043,40.46896266937256,19.084527015686035,15.056326866149902,1.267542023054272
Chd1,34665,210512,Chd1_34665_210512,Series003,1.3.10.1024.1024,1024x1024,10,29.357192993164062,22.751601219177246,10.400586128234863,8.271721839904785,1.2573665228997333
Chd1,34665,210512,Chd1_34665_210512,Series004,1.3.10.1024.1024,1024x1024,10,29.358342170715332,20.09506130218506,8.491268157958984,7.782313346862793,1.0910982094266335
Chd1,34665,210512,Chd1_34665_210512,Series005,1.3.10.1024.1024,1024x1024,10,23.675569534301758,24.61297607421875,4.262359619140625,6.042239189147949,0.7054271579973127
Nlp,33688,210304,Nlp_33688_210304,Series001,1.3.10.1024.1024,1024x1024,10,41.67550849914551,38.49136829376221,15.379485130310059,17.043621063232422,0.9023601893782804
Nlp,33688,210304,Nlp_33688_210304,Series002,1.3.10.1024.1024,1024x1024,10,29.223048210144043,47.79441738128662,22.174406051635742,19.993226051330566,1.1090959505337068
Nlp,33688,210304,Nlp_33688_210304,Series003,1.3.10.1024.1024,1024x1024,10,36.63790512084961,32.97421646118164,13.199951171875,14.880265235900879,0.8870776805797878
Nlp,33688,210304,Nlp_33688_210304,Series004,1.3.10.1024.1024,1024x1024,10,32.25183582305908,25.87003993988037,11.594422340393066,7.695783615112305,1.5065941196196002
Nlp,33688,210304,Nlp_33688_210304,Series005,1.3.10.1024.1024,1024x1024,10,34.05579853057861,44.175846099853516,19.653252601623535,18.744483947753906,1.0484819244105423
Etl1,33891,210304,Etl1_33891_210304,Series001,1.3.10.1024.1024,1024x1024,10,36.599294662475586,39.17432880401611,16.138614654541016,17.04050350189209,0.9470738146175708
Etl1,33891,210304,Etl1_33891_210304,Series002,1.3.10.1024.1024,1024x1024,10,33.576290130615234,37.07430458068848,14.302016258239746,16.595407485961914,0.861805669450289
Etl1,33891,210304,Etl1_33891_210304,Series003,1.3.10.1024.1024,1024x1024,10,29.241089820861816,40.19663906097412,16.612616539001465,18.196208000183105,0.9129713475925476
Etl1,33891,210304,Etl1_33891_210304,Series004,1.3.10.1024.1024,1024x1024,10,29.290942192077637,35.56550884246826,12.416646957397461,16.246956825256348,0.76424447303851
Etl1,33891,210304,Etl1_33891_210304,Series005,1.3.10.1024.1024,1024x1024,10,34.074368476867676,35.985164642333984,14.480745315551758,14.891327857971191,0.972428077177842
Etl1,33891,210304,Etl1_33891_210304,Series006,1.3.10.1024.1024,1024x1024,10,28.647409439086914,39.909141540527344,17.42649745941162,16.24735450744629,1.0725744582864196
Gcn5,33981,210304,Gcn5_33981_210304,Series001,1.3.10.1024.1024,1024x1024,10,49.42160415649414,40.258426666259766,19.01156520843506,15.98985481262207,1.1889767250061403
Gcn5,33981,210304,Gcn5_33981_210304,Series002,1.3.10.1024.1024,1024x1024,10,52.09032440185547,37.41274547576904,16.051565170288086,16.829550743103027,0.9537726476071401
Gcn5,33981,210304,Gcn5_33981_210304,Series003,1.3.10.1024.1024,1024x1024,10,25.89845371246338,41.71554183959961,17.200291633605957,18.133349418640137,0.9485446530868122
Gcn5,33981,210304,Gcn5_33981_210304,Series004,1.3.10.1024.1024,1024x1024,10,34.677947998046875,47.217928886413574,20.262264251708984,21.539694786071777,0.940694120921861
P32,34585,210304,P32_34585_210304,Series001,1.3.10.1024.1024,1024x1024,10,36.247069358825684,39.42788124084473,16.130812644958496,16.61514377593994,0.9708500186629263
P32,34585,210304,P32_34585_210304,Series002,1.3.10.1024.1024,1024x1024,10,37.94369888305664,36.770020484924316,14.210888862609863,16.294617652893066,0.8721216517827749
E(bx),33658,210304,E(bx)_33658_210304,Series001,1.3.10.1024.1024,1024x1024,10,38.2010383605957,23.909652709960938,8.977420806884766,10.613038063049316,0.8458860463471655
E(bx),33658,210304,E(bx)_33658_210304,Series002,1.3.10.1024.1024,1024x1024,10,36.72512435913086,29.14008331298828,10.972220420837402,13.086474418640137,0.838439756181296
E(bx),33658,210304,E(bx)_33658_210304,Series003,1.3.10.1024.1024,1024x1024,10,36.99695301055908,33.22655200958252,12.585426330566406,14.999703407287598,0.8390450123468297
E(bx),33658,210304,E(bx)_33658_210304,Series004,1.3.10.1024.1024,1024x1024,10,36.7735652923584,36.360713958740234,15.355708122253418,13.435261726379395,1.14294075061473
E(bx),33658,210304,E(bx)_33658_210304,Series005,1.3.10.1024.1024,1024x1024,10,30.667038917541504,35.395968437194824,1.8116130828857422,0.7711982727050781,2.349088615734672
okr,33707,210304,okr_33707_210304,Series001,1.3.10.1024.1024,1024x1024,10,62.134209632873535,43.343238830566406,20.47889518737793,17.49012565612793,1.170883250927522
okr,33707,210304,okr_33707_210304,Series002,1.3.10.1024.1024,1024x1024,10,57.91726589202881,55.50148010253906,27.833213806152344,21.144121170043945,1.3163570896285446
okr,33707,210304,okr_33707_210304,Series003,1.3.10.1024.1024,1024x1024,10,56.91318893432617,47.00027370452881,23.40804100036621,17.853442192077637,1.3111220093318137
okr,33707,210304,okr_33707_210304,Series004,1.3.10.1024.1024,1024x1024,10,58.24550819396973,46.10927963256836,21.58573818206787,19.58076572418213,1.1023949975260474
lid,28944,210423,lid_28944_210423,Series001,1.3.10.1024.1024,1024x1024,10,81.21322441101074,32.10629940032959,17.282535552978516,10.58212661743164,1.6331817013519268
lid,28944,210423,lid_28944_210423,Series002,1.3.10.1024.1024,1024x1024,10,21.797490119934082,19.72388744354248,7.209184646606445,8.36543083190918,0.8617828288182914
lid,28944,210423,lid_28944_210423,Series003,1.3.10.1024.1024,1024x1024,10,23.496091842651367,21.30996322631836,8.794002532958984,7.766812324523926,1.1322537696954098
Atac3,31154,210423,Atac3_31154_210423,Series001,1.3.10.1024.1024,1024x1024,10,53.71525478363037,31.99608612060547,14.937469482421875,12.428635597229004,1.2018591554612978
Atac3,31154,210423,Atac3_31154_210423,Series002,1.3.10.1024.1024,1024x1024,10,50.18168544769287,31.404860496520996,15.17702865600586,12.959153175354004,1.1711435500947591
Atac3,31154,210423,Atac3_31154_210423,Series003,1.3.10.1024.1024,1024x1024,10,42.60743522644043,26.366046905517578,13.188435554504395,9.284272193908691,1.4205136686058366
Atac3,31154,210423,Atac3_31154_210423,Series004,1.3.10.1024.1024,1024x1024,10,55.839110374450684,31.238277435302734,16.013301849365234,11.477926254272461,1.395138938395301
osa,38285,210423,osa_38285_210423,Image 1,1.3.10.512.512,512x512,10,53.931556701660156,32.38380813598633,12.371665954589844,16.44546127319336,0.7522845208821272
osa,38285,210423,osa_38285_210423,Series001,1.3.10.1024.1024,1024x1024,10,38.93698024749756,36.72718524932861,17.8773136138916,13.99744987487793,1.2771836137078867
osa,38285,210423,osa_38285_210423,Series003,1.3.10.1024.1024,1024x1024,10,76.24807739257812,34.70806407928467,18.98304557800293,11.654387474060059,1.6288325422725776
osa,38285,210423,osa_38285_210423,Series004,1.3.1.1024.1024,1024x1024,1,0.0,0.0,0.0,0.0,
osa,38285,210423,osa_38285_210423,Series005,1.3.10.1024.1024,1024x1024,10,22.598356246948242,29.07137393951416,8.383268356323242,15.807016372680664,0.5303510895839952
osa,38285,210423,osa_38285_210423,Series006,1.3.10.1024.1024,1024x1024,10,50.05192184448242,32.20027732849121,15.869635581970215,12.536266326904297,1.265898088644792
osa,38285,210423,osa_38285_210423,Series007,1.3.10.1024.1024,1024x1024,10,58.6511754989624,23.9378662109375,9.829666137695312,9.342679023742676,1.0521249967718092
osa,38285,210423,osa_38285_210423,Series008,1.3.10.1024.1024,1024x1024,10,42.71365261077881,31.063281059265137,15.491057395935059,11.219267845153809,1.3807547524258867
osa,38285,210423,osa_38285_210423,Series009,1.3.10.1024.1024,1024x1024,10,37.39529514312744,33.894673347473145,15.046446800231934,14.599974632263184,1.030580338611146
osa,38285,210423,osa_38285_210423,Series010,1.3.10.1024.1024,1024x1024,10,41.690449714660645,28.879355430603027,12.9022855758667,11.887369155883789,1.085377715344237
osa,38285,210423,osa_38285_210423,Series011,1.3.10.1024.1024,1024x1024,10,36.7719841003418,35.406418800354004,16.3724308013916,13.350143432617188,1.2263861346530807
osa,38285,210423,osa_38285_210423,Series012,1.3.10.1024.1024,1024x1024,10,39.0300407409668,30.826207160949707,15.145096778869629,11.306620597839355,1.3394892530278932
osa,38285,210423,osa_38285_210423,Series013,1.3.10.1024.1024,1024x1024,10,70.9088945388794,25.697237014770508,11.753528594970703,9.617055892944336,1.222154547692066
osa,38285,210423,osa_38285_210423,Series014,1.3.10.1024.1024,1024x1024,10,15.498987197875977,28.560128211975098,10.113451957702637,12.721138954162598,0.7950115154109942
osa,38285,210423,osa_38285_210423,Series015,1.3.10.1024.1024,1024x1024,10,76.92912101745605,37.070573806762695,18.32659149169922,14.594414710998535,1.2557263757818302
osa,31266,210423,osa_31266_210423,Series001,1.3.10.1024.1024,1024x1024,10,6.482216835021973,25.671320915222168,9.746743202209473,12.523213386535645,0.7782941088178456
osa,31266,210423,osa_31266_210423,Series002,1.3.10.1024.1024,1024x1024,10,6.6720075607299805,20.50210475921631,8.32249927520752,9.724112510681152,0.8558620918943427
osa,31266,210423,osa_31266_210423,Series003,1.3.10.1024.1024,1024x1024,10,9.1138916015625,19.55391025543213,8.624354362487793,9.60188102722168,0.8981942536089998
osa,31266,210423,osa_31266_210423,Series004,1.3.1.1024.1024,1024x1024,1,0.0,0.0,0.0,0.0,
osa,31266,210423,osa_31266_210423,Series005,1.3.10.1024.1024,1024x1024,10,14.938066482543945,19.496291160583496,11.9111967086792,6.252832412719727,1.904928186536558
osa,31266,210423,osa_31266_210423,Series006,1.3.10.1024.1024,1024x1024,10,14.927977561950684,21.360061645507812,12.709421157836914,6.991580963134766,1.8178179191303365
Mi-2,33419,210617,Mi-2_33419_210617,Series001,1.3.10.1024.1024,1024x1024,10,62.71197032928467,26.267165184020996,12.35530948638916,10.157271385192871,1.216400450262711
Mi-2,33419,210617,Mi-2_33419_210617,Series002,1.3.10.1024.1024,1024x1024,10,49.85606861114502,22.530396461486816,8.43558406829834,9.998246192932129,0.8437063766504918
Mi-2,33419,210617,Mi-2_33419_210617,Series003,1.3.10.1024.1024,1024x1024,10,62.7667932510376,25.1897029876709,11.496325492858887,9.92019271850586,1.158881265624285
Mi-2,33419,210617,Mi-2_33419_210617,Series001,1.3.10.1024.1024,1024x1024,10,71.56638813018799,20.97013282775879,8.950885772705078,8.622325897216797,1.0381057129369626
Mi-2,33419,210617,Mi-2_33419_210617,Series002,1.3.10.1024.1024,1024x1024,10,67.12417697906494,27.41661262512207,12.679466247558594,9.761811256408691,1.2988845937002156
Mi-2,33419,210617,Mi-2_33419_210617,Series003,1.3.1.1024.1024,1024x1024,1,0.0,0.0,0.0,0.0,
Mi-2,33419,210617,Mi-2_33419_210617,Series004,1.3.10.1024.1024,1024x1024,10,77.08976554870605,21.11726474761963,9.524084091186523,8.909743309020996,1.0689515691819669
Mi-2,33419,210617,Mi-2_33419_210617,Series005,1.3.10.1024.1024,1024x1024,10,46.27597141265869,25.66366481781006,11.190641403198242,10.33150577545166,1.0831568646835532
Mi-2,33419,210617,Mi-2_33419_210617,Series006,1.3.10.1024.1024,1024x1024,10,41.52518653869629,25.83716106414795,10.229246139526367,10.7323579788208,0.953121966273649
Mi-2,33419,210617,Mi-2_33419_210617,Series007,1.3.10.1024.1024,1024x1024,10,40.462491035461426,25.249627113342285,10.210555076599121,11.118512153625488,0.9183382574501838
Snr1,32372,210617,Snr1_32372_210617,Series002,1.3.10.1024.1024,1024x1024,10,37.16132354736328,25.526273727416992,15.068750381469727,5.593903541564941,2.693780875823632
Snr1,32372,210617,Snr1_32372_210617,Series003,1.3.10.1024.1024,1024x1024,10,36.52701187133789,5.775334358215332,4.430680274963379,0.7174787521362305,6.175347021457311
Snr1,32372,210617,Snr1_32372_210617,Series004,1.3.10.1024.1024,1024x1024,10,87.70583057403564,11.211782455444336,7.395430564880371,1.043013572692871,7.090445185470325
Snr1,32372,210617,Snr1_32372_210617,Series005,1.3.10.1024.1024,1024x1024,10,56.15867328643799,8.0286283493042,5.8896894454956055,0.8206586837768555,7.176783188828189
Snr1,32372,210617,Snr1_32372_210617,Series006,1.3.10.1024.1024,1024x1024,10,34.873146057128906,4.493918418884277,3.330965995788574,0.6279201507568359,5.304760472766706
Mi-2,51774,210617,Mi-2_51774_210617,Series001,1.3.10.1024.1024,1024x1024,10,48.97427749633789,34.09274768829346,15.219949722290039,14.587258338928223,1.0433728784848753
Mi-2,51774,210617,Mi-2_51774_210617,Series002,1.3.10.1024.1024,1024x1024,10,44.310142517089844,31.316173553466797,12.2275390625,15.263392448425293,0.8011023174446059
Mi-2,51774,210617,Mi-2_51774_210617,Series003,1.3.10.1024.1024,1024x1024,10,50.685264587402344,25.75597381591797,11.272189140319824,11.171030044555664,1.0090554850681348
Mi-2,51774,210617,Mi-2_51774_210617,Series004,1.3.10.1024.1024,1024x1024,10,45.885993003845215,29.915035247802734,11.957286834716797,14.193431854248047,0.8424521255680684
Mi-2,51774,210617,Mi-2_51774_210617,Series005,1.3.10.1024.1024,1024x1024,10,45.893004417419434,25.98332118988037,11.756739616394043,10.405067443847656,1.1299051812821845
MTA1-like,33745,210617,MTA1-like_33745_210617,Series001,1.3.10.1024.1024,1024x1024,10,40.89519214630127,26.942975997924805,12.135181427001953,11.655165672302246,1.0411848075090373
MTA1-like,33745,210617,MTA1-like_33745_210617,Series002,1.3.10.1024.1024,1024x1024,10,53.884897232055664,40.07061958312988,20.287851333618164,16.1016845703125,1.259983155490694
MTA1-like,33745,210617,MTA1-like_33745_210617,Series003,1.3.10.1024.1024,1024x1024,10,53.09284782409668,42.40319538116455,21.552473068237305,12.708696365356445,1.6958838616200438
MTA1-like,33745,210617,MTA1-like_33745_210617,Series004,1.3.10.1024.1024,1024x1024,10,47.26707458496094,34.49789619445801,17.258301734924316,10.452136993408203,1.6511744675570674
MTA1-like,33745,210617,MTA1-like_33745_210617,Series006,1.3.10.1024.1024,1024x1024,10,31.527372360229492,32.82324504852295,16.51766300201416,12.23196029663086,1.350369245930576
osa,31266,210421,osa_31266_210421,Series001,1.3.27.1024.1024,1024x1024,27,29.27084732055664,62.66705894470215,30.72920036315918,24.896328926086426,1.234286406417175
osa,31266,210421,osa_31266_210421,Series002,1.3.10.1024.1024,1024x1024,10,25.046849250793457,29.758688926696777,14.553804397583008,11.820235252380371,1.2312618223611198
osa,31266,210421,osa_31266_210421,Series003,1.3.10.1024.1024,1024x1024,10,24.55716896057129,27.984434127807617,13.981612205505371,11.22846508026123,1.2451935420883091
osa,31266,210421,osa_31266_210421,Series004,1.3.10.1024.1024,1024x1024,10,22.04352569580078,26.335055351257324,12.712751388549805,10.431753158569336,1.2186591453332756
osa,31266,210421,osa_31266_210421,Series005,1.3.10.1024.1024,1024x1024,10,25.194472312927246,34.60372543334961,18.39693260192871,12.945942878723145,1.4210577610507111
osa,31266,210421,osa_31266_210421,Series006,1.3.10.1024.1024,1024x1024,10,13.917990684509277,31.070958137512207,16.432741165161133,9.048165321350098,1.8161406850498578
TFAM,26744,210217,TFAM_26744_210217,Series001,1.3.10.512.512,512x512,10,0.0,0.0,0.0,0.0,
TFAM,26744,210217,TFAM_26744_210217,Series002,1.3.10.512.512,512x512,10,38.15160369873047,45.517635345458984,16.137939453125,10.92974853515625,1.476515164206776
TFAM,26744,210217,TFAM_26744_210217,Series003,1.3.7.512.512,512x512,7,0.0,0.0,0.0,0.0,
TFAM,26744,210217,TFAM_26744_210217,Series004,1.3.10.1024.1024,1024x1024,10,42.20827674865723,54.096134185791016,23.43953800201416,23.202019691467285,1.010236967027238
TFAM,26744,210217,TFAM_26744_210217,Series005,1.3.10.1024.1024,1024x1024,10,40.43840217590332,49.341176986694336,19.114553451538086,23.116191864013672,0.8268902405717972
Nup153,30504,210217,Nup153_30504_210217,Series001,1.3.10.512.512,512x512,10,50.972103118896484,47.89760971069336,20.938453674316406,22.147167205810547,0.9454235604823978
Nup153,30504,210217,Nup153_30504_210217,Series002,1.3.9.512.512,512x512,9,0.0,0.0,0.0,0.0,
Nup153,30504,210217,Nup153_30504_210217,Series003,1.3.10.1024.1024,1024x1024,10,2.248866081237793,65.32238864898682,0.0,57.731661796569824,0.0
Nup153,30504,210217,Nup153_30504_210217,Series004,1.3.10.1024.1024,1024x1024,10,2.2814369201660156,33.24232482910156,0.0,28.995217323303223,0.0
Nup153,30504,210217,Nup153_30504_210217,Series005,1.3.10.1024.1024,1024x1024,10,1.8215084075927734,39.238521575927734,0.01541900634765625,32.612600326538086,0.0004727929141887294
Nup153,30504,210217,Nup153_30504_210217,Series006,1.3.10.1024.1024,1024x1024,10,57.16964244842529,39.593873023986816,18.4716215133667,16.97966766357422,1.0878670819331233
polybromo,32840,210217,polybromo_32840_210217,Series001,1.3.10.1024.1024,1024x1024,10,36.05852127075195,47.43990516662598,20.0178804397583,19.4028377532959,1.0316985945191408
polybromo,32840,210217,polybromo_32840_210217,Series002,1.3.10.1024.1024,1024x1024,10,28.027299880981445,55.38982677459717,23.041297912597656,24.641979217529297,0.935042502438563
polybromo,32840,210217,polybromo_32840_210217,Series003,1.3.10.1024.1024,1024x1024,10,24.39018154144287,44.97632884979248,18.269177436828613,19.6844539642334,0.9281018142552321
Atac3,31086,210217,Atac3_31086_210217,Series001,1.3.5.512.512,512x512,5,0.0,0.0,0.0,0.0,
Atac3,31086,210217,Atac3_31086_210217,Series002,1.3.10.1024.1024,1024x1024,10,49.199174880981445,26.75650691986084,10.652132034301758,12.140023231506348,0.8774391804009777
Atac3,31086,210217,Atac3_31086_210217,Series003,1.3.10.1024.1024,1024x1024,10,44.3342342376709,33.240108489990234,13.204876899719238,15.652721405029297,0.8436154045057268
Atac3,31086,210217,Atac3_31086_210217,Series004,1.3.10.1024.1024,1024x1024,10,49.76617622375488,33.78622531890869,14.720673561096191,14.356731414794922,1.0253499306900886
Bap111,26218,210217,Bap111_26218_210217,Series001,1.3.10.1024.1024,1024x1024,10,33.417574882507324,90.11345958709717,47.287986755371094,36.09696865081787,1.3100265347156697
Bap111,26218,210217,Bap111_26218_210217,Series002,1.3.1.1024.1024,1024x1024,1,0.0,0.0,0.0,0.0,
Bap111,26218,210217,Bap111_26218_210217,Series003,1.3.10.1024.1024,1024x1024,10,34.747581481933594,67.44970893859863,36.379913330078125,25.839841842651367,1.4078999999926185
Bap111,26218,210217,Bap111_26218_210217,Series004,1.3.10.1024.1024,1024x1024,10,34.69643688201904,27.96393871307373,15.074004173278809,10.51785659790039,1.4331821348741274
Bap111,26218,210217,Bap111_26218_210217,Series005,1.3.10.1024.1024,1024x1024,10,32.3618745803833,31.373995780944824,17.433499336242676,11.325669288635254,1.539290870318483
Bap111,26218,210217,Bap111_26218_210217,Series006,1.3.10.1024.1024,1024x1024,10,29.098918914794922,27.580265045166016,13.812897682189941,11.354418754577637,1.2165217771822223
Bap111,26218,210217,Bap111_26218_210217,Series007,1.3.10.1024.1024,1024x1024,10,27.638519287109375,28.5806884765625,16.768040657043457,8.855189323425293,1.8935835299066626
Bap111,26218,210217,Bap111_26218_210217,Series008,1.3.10.1024.1024,1024x1024,10,23.205260276794434,21.715055465698242,10.588903427124023,8.564498901367188,1.2363716253654573
Jarid2,26184,210217,Jarid2_26184_210217,Series001,1.3.10.1024.1024,1024x1024,10,34.40624141693115,57.1716890335083,24.382826805114746,27.018299102783203,0.9024560247985051
Jarid2,26184,210217,Jarid2_26184_210217,Series002,1.3.10.1024.1024,1024x1024,10,25.43635368347168,58.41423034667969,23.35720443725586,28.366719245910645,0.8234016854318831
Jarid2,26184,210217,Jarid2_26184_210217,Series003,1.3.10.1024.1024,1024x1024,10,30.383577346801758,62.60858917236328,27.674931526184082,27.67684841156006,0.999930740474946
Bicra,42847,210707,Bicra_42847_210707,Series001,1.3.10.1024.1024,1024x1024,10,32.953006744384766,60.802268981933594,36.390153884887695,18.775954246520996,1.938125402687879
Bicra,42847,210707,Bicra_42847_210707,Series002,1.3.10.1024.1024,1024x1024,10,33.41929340362549,36.70823287963867,22.502402305603027,10.571623802185059,2.128566313620807
Bicra,42847,210707,Bicra_42847_210707,Series003,1.3.10.1024.1024,1024x1024,10,33.61628341674805,28.870144844055176,17.592171669006348,8.285979270935059,2.1231252328514576
Bicra,42847,210707,Bicra_42847_210707,Series004,1.3.10.1024.1024,1024x1024,10,23.92878818511963,22.995254516601562,12.021186828613281,6.655916213989258,1.8060904678077851
Bicra,42847,210707,Bicra_42847_210707,Series005,1.3.10.1024.1024,1024x1024,10,19.502178192138672,17.475343704223633,8.773508071899414,5.541906356811523,1.5831209527955932
Bicra,42847,210707,Bicra_42847_210707,Series006,1.3.10.1024.1024,1024x1024,10,20.545409202575684,19.33184814453125,9.00865650177002,6.499168395996094,1.38612449360751
Ada2b,31347,210228,Ada2b_31347_210228,Series001,1.3.10.1024.1024,1024x1024,10,35.35439491271973,28.471874237060547,12.39836597442627,11.821535110473633,1.048794920334972
Ada2b,31347,210228,Ada2b_31347_210228,Series002,1.3.20.1024.1024,1024x1024,20,37.351287841796875,33.00522804260254,13.517148971557617,13.92263412475586,0.9708758307109968
Ada2b,31347,210228,Ada2b_31347_210228,Series003,1.3.20.1024.1024,1024x1024,20,40.114603996276855,37.02864074707031,17.3309383392334,14.684160232543945,1.180247155082352
Ada2b,31347,210228,Ada2b_31347_210228,Series004,1.3.10.1024.1024,1024x1024,10,22.269752502441406,25.554494857788086,10.073714256286621,10.863059997558594,0.9273367042574217
pho,31609,210228,pho_31609_210228,Series001,1.3.10.1024.1024,1024x1024,10,53.383750915527344,71.47212505340576,36.035356521606445,29.278953552246094,1.2307597147317462
pho,31609,210228,pho_31609_210228,Series002,1.3.1.1024.1024,1024x1024,1,0.0,0.0,0.0,0.0,
pho,31609,210228,pho_31609_210228,Series003,1.3.10.1024.1024,1024x1024,10,39.134836196899414,44.003211975097656,21.36374282836914,18.467711448669434,1.156815931835905
pho,31609,210228,pho_31609_210228,Series004,1.3.3.1024.1024,1024x1024,3,0.0,0.0,0.0,0.0,
pho,31609,210228,pho_31609_210228,Series005,1.3.10.1024.1024,1024x1024,10,35.928443908691406,43.265597343444824,21.39111614227295,17.002053260803223,1.2581489902509795
Dsp1,31960,210228,Dsp1_31960_210228,Series001,1.3.10.1024.1024,1024x1024,10,32.89447593688965,30.30311679840088,12.40088176727295,12.654566764831543,0.9799530871128981
Dsp1,31960,210228,Dsp1_31960_210228,Series002,1.3.10.1024.1024,1024x1024,10,56.11793041229248,40.305975914001465,18.068289756774902,18.567768096923828,0.9730997103398941
Dsp1,31960,210228,Dsp1_31960_210228,Series003,1.3.10.1024.1024,1024x1024,10,39.513349533081055,35.63236045837402,16.03311538696289,14.444931030273438,1.1099475209234966
Atac2,53918,210527,Atac2_53918_210527,Series001,1.3.10.1024.1024,1024x1024,10,34.92300319671631,59.98225498199463,27.7664737701416,25.73950958251953,1.0787491378234588
Atac2,53918,210527,Atac2_53918_210527,Series002,1.3.10.1024.1024,1024x1024,10,25.68270206451416,39.85097312927246,17.96910858154297,15.576603889465332,1.153596041156039
Top1,55314,210527,Top1_55314_210527,Series001,1.3.10.1024.1024,1024x1024,10,31.291486740112305,42.88113021850586,20.36176586151123,17.922204971313477,1.1361194615340326
Top1,55314,210527,Top1_55314_210527,Series002,1.3.10.1024.1024,1024x1024,10,19.209301948547363,36.17763137817383,14.395140647888184,16.28102970123291,0.8841664754654974
Top1,55314,210527,Top1_55314_210527,Series003,1.3.10.1024.1024,1024x1024,10,28.276936531066895,39.90475368499756,18.68391990661621,16.089448928833008,1.161252942177143
Top1,55314,210527,Top1_55314_210527,Series004,1.3.10.1024.1024,1024x1024,10,1.204519271850586,54.89689636230469,0.0,49.400400161743164,0.0
Top1,55314,210527,Top1_55314_210527,Series005,1.3.10.1024.1024,1024x1024,10,34.55259704589844,55.06414031982422,29.048669815063477,21.38968276977539,1.3580692209288203
Top1,55314,210527,Top1_55314_210527,Series006,1.3.10.1024.1024,1024x1024,10,34.76356601715088,31.854032516479492,17.263012886047363,11.987241744995117,1.4401155205912963
Top1,55314,210527,Top1_55314_210527,Series007,1.3.10.1024.1024,1024x1024,10,34.97951316833496,3.231106758117676,1.9705076217651367,1.1972980499267578,1.6457953989699377
Top1,55314,210527,Top1_55314_210527,Series008,1.3.10.1024.1024,1024x1024,10,35.399142265319824,11.944429397583008,6.768499374389648,4.414420127868652,1.5332703227904092
Top1,55314,210527,Top1_55314_210527,Series009,1.3.10.1024.1024,1024x1024,10,19.851445198059082,23.264687538146973,8.995955467224121,11.00372314453125,0.8175374233851956
ISWI,31111,210527,ISWI_31111_210527,Series001,1.3.10.1024.1024,1024x1024,10,38.347124099731445,32.774803161621094,13.218229293823242,14.869067192077637,0.8889750192847353
ISWI,31111,210527,ISWI_31111_210527,Series002,1.3.10.1024.1024,1024x1024,10,30.70425033569336,32.12148380279541,12.441094398498535,13.599709510803223,0.9148058926270214
ISWI,31111,210527,ISWI_31111_210527,Series003,1.3.10.1024.1024,1024x1024,10,40.833709716796875,41.562767028808594,17.21227741241455,19.66657257080078,0.8752047338421258
ISWI,31111,210527,ISWI_31111_210527,Series004,1.3.10.1024.1024,1024x1024,10,20.868828773498535,27.753189086914062,8.322885513305664,12.14120101928711,0.6855075951781215
Caf1-55,31714,210527,Caf1-55_31714_210527,Series001,1.3.10.1024.1024,1024x1024,10,42.37325191497803,50.27845478057861,22.60460662841797,22.101905822753906,1.0227446813725236
Caf1-55,31714,210527,Caf1-55_31714_210527,Series002,1.3.10.1024.1024,1024x1024,10,32.47458839416504,34.879319190979004,13.30070686340332,16.841938018798828,0.7897373122117647
Caf1-55,31714,210527,Caf1-55_31714_210527,Series003,1.3.10.1024.1024,1024x1024,10,35.08718967437744,27.817496299743652,12.130191802978516,9.51200008392334,1.2752514398607186
Acf,31340,210527,Acf_31340_210527,Series001,1.3.10.1024.1024,1024x1024,10,75.51695442199707,43.91788578033447,20.57957649230957,21.014670372009277,0.9792957076177015
Acf,31340,210527,Acf_31340_210527,Series002,1.3.10.1024.1024,1024x1024,10,64.1853256225586,45.07222843170166,21.794342041015625,20.085918426513672,1.0850557877526184
Acf,31340,210527,Acf_31340_210527,Series003,1.3.10.1024.1024,1024x1024,10,75.6461181640625,52.36578941345215,25.11469078063965,25.08866786956787,1.0010372376567407
Acf,31340,210527,Acf_31340_210527,Series004,1.3.10.1024.1024,1024x1024,10,79.29495048522949,41.41478729248047,20.715651512145996,17.29190444946289,1.1979971074145885
Acf,31340,210527,Acf_31340_210527,Series005,1.3.10.1024.1024,1024x1024,10,42.85892391204834,43.28847694396973,17.808138847351074,22.011112213134766,0.8090522039465304
brm,31712,210527,brm_31712_210527,Series001,1.3.10.1024.1024,1024x1024,10,15.381463050842285,34.91940689086914,16.667089462280273,15.887862205505371,1.0490454440437487
brm,31712,210527,brm_31712_210527,Series002,1.3.10.1024.1024,1024x1024,10,14.260907173156738,54.041510581970215,29.32685947418213,20.870875358581543,1.4051571374136789
brm,31712,210527,brm_31712_210527,Series003,1.3.10.1024.1024,1024x1024,10,14.253427505493164,33.40360355377197,18.866684913635254,12.103343963623047,1.558799367376456
brm,31712,210527,brm_31712_210527,Series004,1.3.10.1024.1024,1024x1024,10,18.466328620910645,29.14400863647461,19.53861427307129,8.371509552001953,2.3339415850512704
brm,31712,210527,brm_31712_210527,Series005,1.3.10.1024.1024,1024x1024,10,12.326043128967285,20.34183692932129,12.43493938446045,6.211081504821777,2.0020570290064583
NC2beta,57421,210317,NC2beta_57421_210317,Series001,1.3.5.512.512,512x512,5,0.0,0.0,0.0,0.0,
NC2beta,57421,210317,NC2beta_57421_210317,Series002,1.3.10.1024.1024,1024x1024,10,38.309574127197266,34.14307689666748,11.618929862976074,17.223833084106445,0.6745844439062533
NC2beta,57421,210317,NC2beta_57421_210317,Series003,1.3.10.1024.1024,1024x1024,10,31.167908668518066,36.09772205352783,12.805651664733887,17.6865291595459,0.7240341815636749
NC2beta,57421,210317,NC2beta_57421_210317,Series004,1.3.10.1024.1024,1024x1024,10,41.28519153594971,33.29623985290527,12.962373733520508,15.334123611450195,0.8453286318783376
Snr1,67929,210317,Snr1_67929_210317,Series001,1.3.10.1024.1024,1024x1024,10,50.94782638549805,48.83799457550049,21.396013259887695,22.47786235809326,0.9518704634377281
Snr1,67929,210317,Snr1_67929_210317,Series002,1.3.10.1024.1024,1024x1024,10,33.162596702575684,46.946234703063965,18.41539764404297,22.869620323181152,0.8052340783889934
Snr1,67929,210317,Snr1_67929_210317,Series003,1.3.10.1024.1024,1024x1024,10,57.87333679199219,48.21944808959961,22.137659072875977,22.01028060913086,1.0057872257972156
Snr1,67929,210317,Snr1_67929_210317,Series004,1.3.10.1024.1024,1024x1024,10,38.855154037475586,58.485965728759766,22.171125411987305,31.772348403930664,0.6978119819825607
Chrac-16,63658,210317,Chrac-16_63658_210317,Series001,1.3.10.1024.1024,1024x1024,10,40.8706693649292,30.167948722839355,12.814093589782715,12.740281105041504,1.0057936307788375
Chrac-16,63658,210317,Chrac-16_63658_210317,Series002,1.3.10.1024.1024,1024x1024,10,35.08377552032471,31.728665351867676,14.152225494384766,12.732172966003418,1.111532613653072
Chrac-16,63658,210317,Chrac-16_63658_210317,Series003,1.3.10.1024.1024,1024x1024,10,43.10045909881592,35.62088966369629,14.211142539978027,16.85196876525879,0.84329271777877
TFAM,57742,210317,TFAM_57742_210317,Series001,1.3.10.1024.1024,1024x1024,10,7.40770149230957,12.48950481414795,1.7339591979980469,9.075267791748047,0.19106424601318103
Snr1,67929,210317,Snr1_67929_210317,Series001,1.3.6.512.512,512x512,6,0.0,0.0,0.0,0.0,
Snr1,67929,210317,Snr1_67929_210317,Series002,1.3.10.1024.1024,1024x1024,10,39.61141109466553,46.55563163757324,19.813962936401367,20.12320041656494,0.9846327883357452
Snr1,67929,210317,Snr1_67929_210317,Series003,1.3.10.1024.1024,1024x1024,10,46.1476469039917,52.83010482788086,23.03963565826416,23.601609230041504,0.9761891841230033
Snr1,67929,210317,Snr1_67929_210317,Series004,1.3.10.1024.1024,1024x1024,10,50.76344966888428,49.55140495300293,21.81098747253418,21.61936092376709,1.0088636546400604
D12,65062,210317,D12_65062_210317,Series001,1.3.10.1024.1024,1024x1024,10,37.8697624206543,37.58585071563721,15.026020050048828,17.16450595855713,0.8754123239159011
D12,65062,210317,D12_65062_210317,Series002,1.3.10.1024.1024,1024x1024,10,31.563535690307617,35.82085990905762,13.7943754196167,16.973901748657227,0.8126814696985003
D12,65062,210317,D12_65062_210317,Series003,1.3.10.1024.1024,1024x1024,10,32.697739601135254,26.052602767944336,9.97792911529541,12.17011547088623,0.8198713594102666
D12,65062,210317,D12_65062_210317,Series004,1.3.10.1024.1024,1024x1024,10,25.591668128967285,24.853267669677734,8.856298446655273,10.124080657958984,0.8747755718138168
D12,65062,210317,D12_65062_210317,Series005,1.3.10.1024.1024,1024x1024,10,46.79821014404297,56.820823669433594,25.07846450805664,28.216567039489746,0.8887851053233635
D12,65062,210317,D12_65062_210317,Series006,1.3.10.1024.1024,1024x1024,10,44.95161724090576,46.031996726989746,20.062500953674316,22.645401000976562,0.8859415186690286
Snr1,67929,210317,Snr1_67929_210317,Series001,1.3.10.1024.1024,1024x1024,10,49.10853099822998,50.46773719787598,22.82638454437256,22.215147972106934,1.027514404722088
Snr1,67929,210317,Snr1_67929_210317,Series002,1.3.10.1024.1024,1024x1024,10,45.93295097351074,48.26454734802246,19.17084789276123,24.234681129455566,0.7910501396884649
dom,55917,210317,dom_55917_210317,Series001,1.3.10.1024.1024,1024x1024,10,43.568307876586914,29.79403781890869,16.316370964050293,8.10531997680664,2.0130446436093283
dom,55917,210317,dom_55917_210317,Series002,1.3.10.1024.1024,1024x1024,10,42.41941261291504,16.113344192504883,9.097709655761719,4.1353912353515625,2.199963470926178
dom,55917,210317,dom_55917_210317,Series003,1.3.10.1024.1024,1024x1024,10,52.62533378601074,40.10148525238037,18.377923011779785,16.1740140914917,1.1362623346202874
dom,55917,210317,dom_55917_210317,Series004,1.3.10.1024.1024,1024x1024,10,36.933115005493164,29.037177085876465,12.337821006774902,12.506638526916504,0.986501767059288
dom,55917,210317,dom_55917_210317,Series005,1.3.10.1024.1024,1024x1024,10,44.70468521118164,35.17218589782715,17.292253494262695,13.540441513061523,1.2770819531683704
dom,55917,210317,dom_55917_210317,Series006,1.3.10.1024.1024,1024x1024,10,45.166160583496094,28.884053230285645,14.115876197814941,11.079565048217773,1.274046060146159
dom,55917,210317,dom_55917_210317,Series007,1.3.10.1024.1024,1024x1024,10,43.142080307006836,38.803826332092285,21.023612022399902,13.972379684448242,1.50465507645773
dom,55917,210317,dom_55917_210317,Series008,1.3.10.1024.1024,1024x1024,10,42.7772798538208,27.311440467834473,14.725760459899902,9.76944637298584,1.5073280406778324
dom,55917,210317,dom_55917_210317,Series009,1.3.10.1024.1024,1024x1024,10,41.857730865478516,14.859585762023926,7.8970136642456055,5.355255126953125,1.4746288415839892
dom,55917,210317,dom_55917_210317,Series010,1.3.10.1024.1024,1024x1024,10,30.5944242477417,22.517452239990234,11.13554859161377,8.412088394165039,1.323755537250159
Bap111,26218,210326,Bap111_26218_210326,Series001,1.3.10.1024.1024,1024x1024,10,19.153738975524902,33.94000816345215,15.103011131286621,14.067277908325195,1.0736271245731532
Bap111,26218,210326,Bap111_26218_210326,Series002,1.3.20.1024.1024,1024x1024,20,21.61399555206299,37.254937171936035,18.07863998413086,15.883743286132812,1.1381851027467993
brm,34520,210326,brm_34520_210326,Series001,1.3.10.1024.1024,1024x1024,10,44.13306903839111,32.72830295562744,14.71408462524414,14.89004898071289,0.9881824192991792
brm,34520,210326,brm_34520_210326,Series002,1.3.10.1024.1024,1024x1024,10,43.00636005401611,38.213205337524414,16.03194522857666,19.659809112548828,0.8154680005689116
brm,34520,210326,brm_34520_210326,Series003,1.3.10.1024.1024,1024x1024,10,40.93130302429199,25.438600540161133,10.439529418945312,12.339103698730469,0.8460524908320045
brm,34520,210326,brm_34520_210326,Series004,1.3.10.1024.1024,1024x1024,10,55.850998878479004,33.43416881561279,15.838099479675293,15.106727600097656,1.048413653766611
brm,34520,210326,brm_34520_210326,Series005,1.3.10.1024.1024,1024x1024,10,45.10417461395264,31.961162567138672,14.205055236816406,14.92955493927002,0.9514721165231843
Bap111,26218,210326,Bap111_26218_210326,Series001,1.3.20.1024.1024,1024x1024,20,20.03947353363037,22.736506462097168,9.534178733825684,7.9692230224609375,1.1963749423192174
Bap111,26218,210326,Bap111_26218_210326,Series002,1.3.10.1024.1024,1024x1024,10,13.208391189575195,18.242290496826172,7.967258453369141,7.1246137619018555,1.1182723330172986
Bap111,26218,210326,Bap111_26218_210326,Series003,1.3.10.1024.1024,1024x1024,10,18.530759811401367,24.867992401123047,12.562016487121582,9.055853843688965,1.3871708514681989
Bap111,26218,210326,Bap111_26218_210326,Series004,1.3.10.1024.1024,1024x1024,10,13.506677627563477,26.570975303649902,11.959319114685059,10.131341934204102,1.1804279425521689
Bap111,26218,210326,Bap111_26218_210326,Series005,1.3.20.1024.1024,1024x1024,20,24.730297088623047,25.14185619354248,11.298053741455078,9.393959045410156,1.2026935274936348
osa,31266,210326,osa_31266_210326,Series001,1.3.20.1024.1024,1024x1024,20,18.684646606445312,19.529610633850098,11.523574829101562,5.863863945007324,1.9651845501826644
osa,31266,210326,osa_31266_210326,Series002,1.3.20.1024.1024,1024x1024,20,25.064644813537598,21.75192928314209,13.06209659576416,6.9597930908203125,1.8767938105793032
osa,31266,210326,osa_31266_210326,Series003,1.3.10.1024.1024,1024x1024,10,7.612311363220215,18.988035202026367,10.248848915100098,7.005161285400391,1.4630425335759145
osa,31266,210326,osa_31266_210326,Series004,1.3.10.1024.1024,1024x1024,10,15.02013111114502,12.345141410827637,6.666572570800781,4.226319313049316,1.5773944363874406
osa,31266,210326,osa_31266_210326,Series005,1.3.10.1024.1024,1024x1024,10,19.138365745544434,13.362512588500977,7.059720993041992,4.94157600402832,1.4286375414011607
osa,31266,210326,osa_31266_210326,Series006,1.3.10.1024.1024,1024x1024,10,13.361985206604004,10.44078254699707,4.945925712585449,3.9493818283081055,1.2523290802460236
osa,31266,210326,osa_31266_210326,Series008,1.3.10.1024.1024,1024x1024,10,8.817914962768555,19.70422649383545,10.943391799926758,7.149259567260742,1.530702822714793
polybromo,32840,210326,polybromo_32840_210326,Series001,1.3.10.1024.1024,1024x1024,10,45.69042491912842,23.73821258544922,10.693920135498047,10.331292152404785,1.0350999640455287
polybromo,32840,210326,polybromo_32840_210326,Series002,1.3.10.1024.1024,1024x1024,10,28.109564781188965,25.465462684631348,11.659921646118164,10.681234359741211,1.0916267964370987
polybromo,32840,210326,polybromo_32840_210326,Series003,1.3.10.1024.1024,1024x1024,10,36.81411933898926,27.46358299255371,10.132889747619629,13.25788688659668,0.7642914617007083
polybromo,32840,210326,polybromo_32840_210326,Series004,1.3.10.1024.1024,1024x1024,10,53.619916915893555,33.53942680358887,16.441068649291992,14.409062385559082,1.1410227958877748
mor,v6969,210714,mor_v6969_210714,Series001,1.3.10.1024.1024,1024x1024,10,51.47114658355713,15.348082542419434,10.563097953796387,3.9161014556884766,2.6973504321376995
mor,v6969,210714,mor_v6969_210714,Series002,1.3.10.1024.1024,1024x1024,10,25.327756881713867,15.597437858581543,10.32846736907959,4.4982452392578125,2.29611033185548
mor,v6969,210714,mor_v6969_210714,Series003,1.3.10.1024.1024,1024x1024,10,17.793295860290527,17.724581718444824,8.113438606262207,5.746392250061035,1.4119186879691392
mor,v6969,210714,mor_v6969_210714,Series004,1.3.10.1024.1024,1024x1024,10,27.556687355041504,26.52205181121826,14.774374961853027,10.138891220092773,1.457198291325374
mor,v6969,210714,mor_v6969_210714,Series005,1.3.10.1024.1024,1024x1024,10,27.571778297424316,15.30630111694336,8.723517417907715,5.889150619506836,1.481286178861262
mor,v6969,210714,mor_v6969_210714,Series006,1.3.10.1024.1024,1024x1024,10,18.357369422912598,11.933587074279785,5.450162887573242,5.779640197753906,0.9429934565288846
mor,v6969,210714,mor_v6969_210714,Series009,1.3.10.1024.1024,1024x1024,10,27.478882789611816,15.29687213897705,8.582971572875977,5.252567291259766,1.6340526635723411
mor,v6969,210714,mor_v6969_210714,Series010,1.3.10.1024.1024,1024x1024,10,34.218791007995605,31.355802536010742,17.706595420837402,11.343209266662598,1.5609864020473143
osa,v330350,210714,osa_v330350_210714,Series001,1.3.33.1024.1024,1024x1024,33,34.190369606018066,26.29238796234131,18.278581619262695,6.3388872146606445,2.883563155531116
osa,v330350,210714,osa_v330350_210714,Series002,1.3.10.1024.1024,1024x1024,10,26.237034797668457,12.127087593078613,8.92199420928955,2.970682144165039,3.0033486506841442
osa,v330350,210714,osa_v330350_210714,Series003,1.3.10.1024.1024,1024x1024,10,26.67852020263672,11.962102890014648,9.266057968139648,2.4339513778686523,3.8070020840982015
osa,v330350,210714,osa_v330350_210714,Series004,1.3.10.1024.1024,1024x1024,10,22.368170738220215,5.774191856384277,4.2567548751831055,1.2116527557373047,3.513180533801387
Snr1,v108599,210714,Snr1_v108599_210714,Series001,1.3.10.1024.1024,1024x1024,10,27.109542846679688,30.519861221313477,16.223600387573242,13.193950653076172,1.2296241523224667
Snr1,v108599,210714,Snr1_v108599_210714,Series002,1.3.10.1024.1024,1024x1024,10,29.5755033493042,34.393330574035645,19.68866729736328,13.934794425964355,1.4129140836608165
Snr1,v108599,210714,Snr1_v108599_210714,Series003,1.3.10.1024.1024,1024x1024,10,34.72275638580322,24.941675186157227,15.185026168823242,8.87309741973877,1.7113557363906753
Snr1,v108599,210714,Snr1_v108599_210714,Series004,1.3.10.1024.1024,1024x1024,10,31.940725326538086,28.38872718811035,18.33463191986084,8.775031089782715,2.0894093402368603
Snr1,v108599,210714,Snr1_v108599_210714,Series005,1.3.10.1024.1024,1024x1024,10,35.231693267822266,24.65071964263916,14.847928047180176,8.780719757080078,1.6909693576324403
Snr1,v108599,210714,Snr1_v108599_210714,Series006,1.3.10.1024.1024,1024x1024,10,25.287617683410645,24.924256324768066,15.974518775939941,7.569911956787109,2.1102648045486636
MTA1-like,34624,210714,MTA1-like_34624_210714,Series001,1.3.10.1024.1024,1024x1024,10,48.9247522354126,18.535198211669922,9.758556365966797,6.895888328552246,1.4151267974514246
MTA1-like,34624,210714,MTA1-like_34624_210714,Series002,1.3.10.1024.1024,1024x1024,10,48.250404357910156,29.578351974487305,15.429437637329102,10.999905586242676,1.4026881882173914
MTA1-like,34624,210714,MTA1-like_34624_210714,Series003,1.3.10.1024.1024,1024x1024,10,44.04569149017334,30.698596954345703,16.153688430786133,12.25504207611084,1.3181259052773922
MTA1-like,34624,210714,MTA1-like_34624_210714,Series004,1.3.10.1024.1024,1024x1024,10,43.18544006347656,28.61971378326416,15.683501243591309,10.894026756286621,1.4396422548293104
MTA1-like,34624,210714,MTA1-like_34624_210714,Series005,1.3.10.1024.1024,1024x1024,10,37.46425914764404,25.938096046447754,14.484508514404297,9.115124702453613,1.589063121704232
MTA1-like,34624,210714,MTA1-like_34624_210714,Series006,1.3.10.1024.1024,1024x1024,10,26.375130653381348,21.403608322143555,9.587387084960938,9.409647941589355,1.01888903224381
MTA1-like,34624,210714,MTA1-like_34624_210714,Series007,1.3.10.1024.1024,1024x1024,10,35.76523399353027,19.220627784729004,10.263726234436035,6.263158798217773,1.6387459691037456
Jarid2,32891,210506,Jarid2_32891_210506,Series001,1.3.10.1024.1024,1024x1024,10,15.774019241333008,33.58626079559326,12.742362022399902,16.27671527862549,0.7828583227190266
Jarid2,32891,210506,Jarid2_32891_210506,Series002,1.3.10.1024.1024,1024x1024,10,15.405513763427734,25.573569297790527,9.561635971069336,12.2939453125,0.7777516271645881
Jarid2,32891,210506,Jarid2_32891_210506,Series003,1.3.1.1024.1024,1024x1024,1,0.0,0.0,0.0,0.0,
Jarid2,32891,210506,Jarid2_32891_210506,Series004,1.3.10.1024.1024,1024x1024,10,15.139544486999512,20.5739803314209,7.606204986572266,9.819314956665039,0.7746166631929262
Jarid2,32891,210506,Jarid2_32891_210506,Series005,1.3.15.1024.1024,1024x1024,15,16.755738258361816,9.334355354309082,3.554476737976074,4.468798637390137,0.7953987248912956
Jarid2,32891,210506,Jarid2_32891_210506,Series006,1.3.10.1024.1024,1024x1024,10,11.344660758972168,7.622021675109863,2.1851797103881836,4.328359603881836,0.5048517014225048
Jarid2,32891,210506,Jarid2_32891_210506,Series007,1.3.10.1024.1024,1024x1024,10,13.315296173095703,8.863499641418457,3.2255401611328125,3.9060497283935547,0.8257806186352328
Jarid2,32891,210506,Jarid2_32891_210506,Series008,1.3.10.1024.1024,1024x1024,10,13.807941436767578,29.37935161590576,11.007946014404297,13.1542387008667,0.8368364194028964
Jarid2,32891,210506,Jarid2_32891_210506,Series009,1.3.10.1024.1024,1024x1024,10,16.583117485046387,31.667675018310547,11.741551399230957,15.138891220092773,0.7755885968483102
CG12659,31962,210506,CG12659_31962_210506,Series001,1.3.10.1024.1024,1024x1024,10,26.96013355255127,33.99299144744873,13.253974914550781,16.774785041809082,0.7901129511655073
CG12659,31962,210506,CG12659_31962_210506,Series002,1.3.10.1024.1024,1024x1024,10,0.710108757019043,53.627044677734375,0.0,50.290053367614746,0.0
Mtor,32941,210506,Mtor_32941_210506,Series001,1.3.10.1024.1024,1024x1024,10,53.018656730651855,23.80684471130371,17.51566505432129,5.367568016052246,3.2632404474314907
Mtor,32941,210506,Mtor_32941_210506,Series002,1.3.10.1024.1024,1024x1024,10,48.44697952270508,35.472458839416504,29.779701232910156,4.475101470947266,6.654530947787995
Mtor,32941,210506,Mtor_32941_210506,Series003,1.3.1.1024.1024,1024x1024,1,0.0,0.0,0.0,0.0,
Mtor,32941,210506,Mtor_32941_210506,Series004,1.3.4.1024.1024,1024x1024,4,0.0,0.0,0.0,0.0,
Mtor,32941,210506,Mtor_32941_210506,Series005,1.3.10.1024.1024,1024x1024,10,47.45297718048096,19.684786796569824,16.488872528076172,2.446596145629883,6.739515451918227
Mtor,32941,210506,Mtor_32941_210506,Series006,1.3.10.1024.1024,1024x1024,10,42.537726402282715,13.813433647155762,6.678108215332031,5.456037521362305,1.2239850237805165
Mtor,32941,210506,Mtor_32941_210506,Series007,1.3.10.1024.1024,1024x1024,10,42.55795764923096,4.889725685119629,2.34030818939209,1.9738655090332031,1.1856472382145073
Mtor,32941,210506,Mtor_32941_210506,Series008,1.3.10.1024.1024,1024x1024,10,45.426697731018066,20.053194046020508,15.40649127960205,4.061767578125,3.7930509275259965
Mtor,32941,210506,Mtor_32941_210506,Series009,1.3.10.1024.1024,1024x1024,10,51.55328559875488,6.852031707763672,3.43143367767334,2.7608213424682617,1.2429031987290888
Mtor,32941,210506,Mtor_32941_210506,Series010,1.3.10.1024.1024,1024x1024,10,46.31700325012207,4.966667175292969,2.412198066711426,1.616002082824707,1.4926948995604015
osa,31266,210504,osa_31266_210504,Series001,1.3.10.1024.1024,1024x1024,10,33.06091499328613,34.09451961517334,19.650498390197754,9.843987464904785,1.9961929513070364
osa,31266,210504,osa_31266_210504,Series002,1.3.10.1024.1024,1024x1024,10,32.41384029388428,25.062467575073242,14.821008682250977,7.128046989440918,2.079252382062853
osa,31266,210504,osa_31266_210504,Series003,1.3.10.1024.1024,1024x1024,10,32.352845191955566,21.401806831359863,12.667906761169434,6.042171478271484,2.096581801215845
osa,31266,210504,osa_31266_210504,Series004,1.3.10.1024.1024,1024x1024,10,33.18191909790039,23.9682559967041,13.74917221069336,7.780461311340332,1.7671410036643191
osa,31266,210504,osa_31266_210504,TileScan 1,1.3.10.1024.2047,1024x2047,10,21.261172027662433,19.92392592437103,9.19563690766976,2.9032497061248166,3.167359971920521
osa,31266,210504,osa_31266_210504,TileScan 1_Merged,1.3.10.1942.1901,1942x1901,10,15.094222185624023,15.495279464274589,6.218923749276087,2.494035065288961,2.49351897085519
osa,31266,210504,osa_31266_210504,Series005,1.3.10.1024.1024,1024x1024,10,9.531557083129883,16.75361156463623,0.14438819885253906,13.162727355957031,0.010969474254679716
osa,31266,210504,osa_31266_210504,Series006,1.3.10.1024.1024,1024x1024,10,40.75466823577881,24.92429542541504,18.73972225189209,3.626194953918457,5.167875001216356
